[
    {
        "orderId":"aaa",
        "customerId":"c1",
        "product":"p1",
        "quantity":1
    },
    {
        "orderId":"ddd",
        "customerId":"c1",
        "product":"p2",
        "quantity":3
    },
    {
        "orderId":"ccc",
        "customerId":"c3",
        "product":"p3",
        "quantity":1
    },
    {
        "orderId":"eee",
        "customerId":"c2",
        "product":"p1",
        "quantity":2
    },
    {
        "orderId":"fff",
        "customerId":"c2",
        "product":"p2",
        "quantity":10
    },
    {
        "orderId":"ggg",
        "customerId":"c1",
        "product":"p3",
        "quantity":8
    }
]