{
    "customers":[{
        "customerId":"c1",
        "name":"customer #1",
        "password":"c1123"
    },{
        "customerId":"c2",
        "name":"customer #2",
        "password":"c2123"
    },{
        "customerId":"c3",
        "name":"customer #3",
        "password":"c3123"
    },{
        "customerId":"c4",
        "name":"customer #4",
        "password":"c4123"
    },{
        "customerId":"c5",
        "name":"customer #5",
        "password":"c5123"
    },{
        "customerId":"c6",
        "name":"customer #6",
        "password":"c6123"
    },{
        "customerId":"c7",
        "name":"customer #7",
        "password":"c7123"
    },{
        "customerId":"c8",
        "name":"customer #8",
        "password":"c8123"
    },{
        "customerId":"c9",
        "name":"customer #9",
        "password":"c9123"
    },{
        "customerId":"p1",
        "name":"No order customer",
        "password":"p1123"
    },{
        "customerId":"admin",
        "name":"Admin",
        "password":"admin"
    }
]
}